full_name,email
Thomas Lebreton,gerard50@example.org
Louis Bonnin,aboulay@example.net
Pierre-Xavier Lebreton,lerouxchristophe@example.com
Françoise Alves,virginie76@example.com
David Descamps-Laroche,monnierpaul@example.org
Marguerite-Astrid Ruiz,marianne69@example.org
André Léger,jolymichelle@example.com
Roger Gaudin,margueritehardy@example.com
Philippe Coulon du Benoit,sfontaine@example.com
Olivier-Bernard Hebert,astrid73@example.net
Alexandre Grenier,margot79@example.org
Roland Mahe,lelievrejosette@example.org
Thibault Gomes,knormand@example.org
Christine De Oliveira,adrienbruneau@example.com
Luc Chauvin,hoareaucolette@example.org
Diane-Lucie Perrot,eugenemarques@example.net
Alfred Gomes,brigittealexandre@example.net
Geneviève Bernard,dominiquejoubert@example.net
Juliette Grégoire-Cousin,veronique24@example.com
Jacqueline Ferreira-David,clercmadeleine@example.com
Océane Lejeune,richarddumas@example.net
Lucy Lemaire,rfoucher@example.net
Nathalie Moreau,valleerenee@example.net
Honoré Maillet du Bouvier,sda-silva@example.org
Nathalie Le Pasquier,groscelina@example.net
Henri Loiseau,plenoir@example.com
Stéphane-Aimé Ramos,brigitte33@example.com
Adrien Barbier-Didier,jacquescharles@example.com
Françoise de la Godard,margauxlaine@example.org
Hélène Maillet du Allain,victoire28@example.net
Victoire Legrand-Leroy,leclercalain@example.com
